<?xml version='1.0' encoding='utf-8'?>
<!DOCTYPE hibernate-configuration PUBLIC
        "-//Hibernate/Hibernate Configuration DTD//EN"
        "http://www.hibernate.org/dtd/hibernate-configuration-3.0.dtd">
<hibernate-configuration>
    <session-factory>
        <property name="connection.url">jdbc:postgresql://localhost:5432/my_db</property>
        <property name="connection.driver_class">org.postgresql.Driver</property>
        <property name="connection.username">postgres</property>
        <property name="connection.password">postgres</property>
        <property name="current_session_context_class">thread</property>
        <property name="dialect">org.hibernate.dialect.PostgreSQLDialect</property>
        <property name="show_sql">true</property>
    </session-factory>
</hibernate-configuration>


